Produkt050105-LeistungenfürBildungundTeilhabe,
Beschreibung,
"DasProduktumfasstdieLeistungenfürdieTeilnahmeamsozialenundkulturellenLebeninderGemeinschaftfürKinder,JugendlicheundjungeErwachsene,hierinsbesondere",
-SchulausflügeundKlassenfahrten,
-AusstattungfürdenpersönlichenSchulbedarf,
-AufwendungenfürdieSchülerbeförderung,
-AufwendungenfüreineergänzendeangemesseneLernförderung,
-entstehendeMehraufwendungenbeiderTeilnahmeaneinergemeinschaftlichenMittagsverpflegungsowie,
"-einmonatlicherBedarffürMitgliedsbeiträge(z.B.Sportverein,Musikunterricht)",
"EshandeltsichumLeistungen,dieauskommunalenMittelnfinanziertsind.DieBundesbeteiligungzudenLeistungenfürBildungundTeilhaberichtetsichnachMaßgabedes§46Abs.6und7SGBII.",
BesonderheitenindenPlanjahren,
Keine,
