"Produkt090105-Stadterneuerung,Stadtgestaltung",
Beschreibung,
DieAufgabeninnerhalbdesProduktsumfassenindenSchwerpunkten,
-AkquisitionvonEFRE-undStädtebauförderungsmitteln,
-WeiterleitungvonStädtebaufördermittelnanDrittezurProjektumsetzung,
-BerichtswesenzurStädtebauförderungaufLandes-undBundesebene,
-vorbereitendeUntersuchungenundStrukturplanungenfürErneuerungsschwerpunkteund-gebiete(oftmalsalsVoraussetzungfürStädtebauförderung),
"-städtebauliche/stadtgestalterischeWettbewerbebzw.Optimierungsverfahren:inhaltlicheVorgaben,BegleitungvonVerfahrenDritter,Durchführung,Management",
"-städtebaulicheundstadtgestalterischeEntwürfefüreinzelneoderzusammenhängendeStadträume,z.B.Altstadt,",
"Stadterneuerungsschwerpunkte,Stadtteilzentren,neueBaugebiete,öffentlicherRaumallgemein",
"-städtebaulicheundstadtgestalterischeKonzepte,insbesonderezurOptimierungvonFunktionundNutzungsowieMöblierungundBeleuchtungdesöffentlichenRaums,vonWerbung,BeschilderungundInfrastruktur",
"-städtebaulichebzw.stadtgestalterischeBeratungfürBauherrn,EigentümerundInvestoren,InitiierungundBegleitungderProjektoptimierungDritter,aktiveBegleitungundUnterstützungprivatenEngagementsin",
ppp-Projekten,
"-ModellbauundModellbau-Management,Stadtmodell(MünsterModell)",
BesonderheitenindenPlanjahren,
Keine,
