,,,,,,,,
"Beschreibung DieVolkshochschuleistkommunalesDienstleistungszentrumfürBildung,BegegnungundKultur.SieerfülltdenimWeiterbildungsgesetzNRWbeschriebenenAuftragundschafftsowohleinnachfrageorientiertesals aucheinInteresseweckendesAngebotfüralleBevölkerungsgruppen.InProjektenerprobtsieneueMethodenundKonzeptederWeiterbildung.MitspeziellenAngebotenreagiertsieaufdiebesonderen Weiterbildungs-undBeratungsbedarferelevanterAdressat*innengruppen.SiekooperiertinNetzwerkenderregionalenundüberregionalenBildungslandschaftumihrenAuftraginnovativundressourcenschonendzu erfüllen.",,,,,,,,
BesonderheitenindenPlanjahren Keine,,,,,,,,
Ziele 1.DieVolkshochschuleerstellteinbreitgefächertesAngebotimUmfangderaufgeführtenZielkennzahlenunderfülltihreAufgabenimRahmenderBudgetvorgaben.,,,,,,,,
,Ergebnis,Ansatz,,,,Planung,,
,2024,2025,2026,,2027,2028,2029,2030
Zielkennzahlen -Zum1.Ziel:Unterrichtsstunden -Zum1.Ziel:ZahlderTeilnehmenden,38.318,36.000,36.000,,36.000,36.000,36.000,36.000
,19.076,22.000,22.000,,22.000,22.000,22.000,22.000
Standardkennzahlen -Teilergebnis(Zeile29)proEinwohner/in(inEuro) -Aufwandsdeckungsgrad(in%),"-8,95","-7,25","-6,45",,"-6,53","-6,60","-6,71","-6,89"
,"47,5","55,1","57,9",,"57,6","57,3","56,9","56,3"
