Produkt060101-FörderungvonKinderninTageseinrichtungenundweiterenGruppen,
Beschreibung,
"DieKindertageseinrichtungen,dieüberdasSGBVIII/Tagesbetreuungsausbaugesetz(TAG,u3-Ausbauprogramm)sowieüberdasjeweiliggültigeLandesrechtgefördert",
"werden,dienenderBildung,Erziehung,FörderungundBetreuungvonKindern.SiesollendieFamilienentlastenundinihrerErziehungsaufgabeunterstützen.Ganztägige",
"undflexibleAngebotehelfenElterndabeibesonders,FamilieundBerufzuvereinbaren.",
"DasProduktwirdvonderStadtMünsterselbstundvonzahlreichenfreienTrägern(Kirchen,Verbänden,Vereinenusw.)angeboten.DieEinrichtungengehörenzumgesamtgesellschaftlichenBildungssystemund",
stellendieersteinstitutionelleBildungsinstanzfürKinderdar.,
"GesetzlicheGrundlagen:§§22,24,25,26,45SGBVIII",
BesonderheitenindenPlanjahren,
Seitdem01.08.2013bestehteinRechtsanspruchaufeinenPlatzinderKindertagesbetreuungabdemvollendetenerstenLebensjahr.DieZahlensindaufGrundlagedervorliegendenBevölkerungszahlenund,
-prognoseermitteltworden.,
DieBasisvariantederkleinräumigenBevölkerungsprognosewurdeunterZugrundelegungdertatsächlichenZahlenderVorjahrefachlichbewertetundfürdiegenanntenAltersgruppenunterBerücksichtigungder,
vorhandenenPlanungenfortgeschrieben.,
"BeiVorliegenderneuenBevölkerungsprognosewerdendieZahlenderneuenPrognoseangepasst.ZudemsindbeiderPlanungweitereFaktorenwieunteranderemFachkräftemangel,tatsächlichedemographische",
EntwicklungundAufsiedlunginneuenWohngebietenzuberücksichtigen.,
