Produktbereich,,Ist 2024,Ansatz 2025,fortgeschr. Ansatz 2025,Ansatz 2026,Ansatz 2027,Plan 2028,Plan 2029,Plan 2030
Nummer,Bezeichnung,(in Mio. Euro),(in Mio. Euro),(in Mio. Euro),(in Mio. Euro),(in Mio. Euro),(in Mio. Euro),(in Mio. Euro),(in Mio. Euro)
05,Soziale Leistungen,"326,6","342,9","343,0","331,7","335,1","325,9","330,4","335,0"
,davon Jobcenter,"197,7","210,5","210,5","196,9","199,5","202,1","204,8","207,7"
,davon Sozialamt,"128,9","132,5","132,5","134,9","135,6","123,8","125,6","127,3"
06,"Kinder-, Jugend- und Familienhilfe","288,4","300,5","300,5","316,4","319,3","338,5","336,1","337,3"
16,Allgemeine Finanzwirtschaft,"122,4","132,6","132,6","136,7","142,9","149,7","151,5","152,6"
,übrige Produktbereich,"113,0","105,6","109,6","114,2","115,1","114,2","114,2","114,4"
,Summe der Transferaufwendungen,"850,4","881,7","885,7","899,1","912,4","928,3","932,3","939,4"
,Ordentliche Aufwendungen,"1.635,4","1.656,8","1.673,7","1.686,6","1.701,4","1.717,7","1.726,4","1.744,1"
