,
Beschreibung,
DieProduktgruppebeinhaltetdieimRahmendesBeteiligungsmanagementsbetreutenAnteileanUnternehmenderStadtMünster.Abgebildetwerdenu.a.dieAusschüttungenderUnternehmenbzw.Zuschüssean,
"dieUnternehmen,ErträgeausKonzessionszahlungen,ZinszahlungenaufgrundvonDarlehensverträgenetc.sowiedieEin-undAuszahlungenausInvestitionstätigkeit.",
"Dieunmittelbaren""wesentlichenBeteiligungen""sindinFormeinzelnerProdukteinderProduktgruppedargestellt.Als""wesentlicheBeteiligung""sindnachentsprechendemRatsbeschlusssolcheUnternehmen",
"klassifiziert,derenBeteiligungvonstrategischerBedeutungfürdieStadtMünsterist.Mitdenunmittelbaren""wesentlichenBeteiligungen""werdenzuSteuerungszweckeninderRegelManagementkontrakte",
"abgeschlossen.UnterdemProdukt""ÜbrigeBeteiligungen""sindAnteileanallenweiterenunmittelbarenundmittelbarenBeteiligungenderStadtMünsterausgewiesen.",
"UnabhängigvonderAbbildungderAusschüttungder""StadtwerkeMünsterGmbH""undderdamitimZusammenhangstehendenErtragsteuernbzw.SteuererstattungenindieserProduktgruppeaufgrundderVorgaben",
"desProduktrahmenplans,istderBetriebgewerblicherArt""Bäder""(Produktgruppe0802)alleinigerAnteilseignerder""StadtwerkeMünsterGmbH"".",
"NichtindieserProduktgruppeabgebildetsindeigenbetriebsähnlicheEinrichtungen,dieimGegensatzzudenUnternehmen,andenendieStadtMünsterbeteiligtist,keinerechtlicheSelbstständigkeitaufweisen.",
BesonderheitenindenPlanjahren,
Keine,
Ziele,
"Anmerkung:IndieserProduktgruppewerdenlediglichdieFinanzbeziehungenabgebildet.EineDarstellungvonZielen,Ziel-undStandardkennzahlensowieLeistungsdatenunterbleibt.DieEinhaltungderinden",
ManagementkontraktenenthaltenenZielewirddurchdasBeteiligungsmanagementnachgehalten.,
