Produkt020602-Aufenthaltsbeendigung,
Beschreibung,
BestandteildiesesProduktsistdieBegründungund/oderDurchsetzungeinerAusreisepflicht.Maßnahmenhierfürsind,
-BeendigungoderAblehnungeinesrechtmäßigenAufenthaltes,
-Ausweisung,
"-Abschiebungeninkl.VorbereitungsarbeitenwieIdentitätsklärung(ED-Behandlung,Botschaftsvorführungen,BeschaffungvonHeimreisedokumentenu.ä.),amtsärztlicherUntersuchung,TransportzumFlughafenusw.",
-ErteilungundVerlängerungvonDuldungeninkl.derjeweiligenNebenbestimmungenundGewährungeinerArbeitsaufnahme,
-Ermittlungs-undÜberwachungsdienst,
"diejeweilsinVerwaltungs-undVerwaltungsgerichtsverfahrensowieschließlichdurchfaktischesHandeln,auchdurchAnwendungunmittelbarenZwangs,durchzusetzensind.",
BesonderheitenindenPlanjahren,
AufgrundderEntwicklungderRechtsprechungunddemstärkerenStellenwertdesArt.8EMRKkönnenaufgrundpersönlichgewachsenerBindungenundIntegrationsleistungenauchohneAltfallregelungengeduldete,
"Ausländer:inneneinenAnspruchaufeineAufenthaltserlaubnishaben.DiesführtzueinerimmergeringerenZahlvonPersonen,diefreiwilligausreisen.",
