Produkt130302-Wasserschutz,
Beschreibung,
DasProduktbeinhaltetinsbesonderedieAufgabederUnterenWasserbehörde.DieUntereWasserbehördeisteineSonderordnungsbehördedesLandes;siegenehmigtundüberwachtvielfältigeVorhabenfür,
Oberflächengewässer-undGrundwassernutzungen.DazugehörtauchdieÜberwachungderBehandlungundEinleitungvonAbwässernmitgefährlichenStoffenausIndustrieundGewerbeindasstädt.Kanalnetzund,
derAnlagenzumUmgangmitwassergefährdendenStoffenundderWasserschutzgebiete.,
"UmdenWasserhaushaltvorsorgendzuschützen,wirktdieUntereWasserbehördedeshalbaufdieNutzer(z.B.Industrie-undGewerbebetriebe,Landwirtschaft,VerbändeundauchPrivatleute)ein,umdieseEinflüsse",
"mitdemnaturräumlichenFunktionen,denvorgegebenenSchutzzielenundgesetzlichenVorgabeninEinklangzubringen.DabeistehenzwardiewasserrechtlichenVorschriften(z.B.Wasserhaushaltsgesetz,",
"Landeswassergesetz,RichtlinienundVerordnungen)imVordergrund,beiderUmsetzungwirdaber,fallsmöglich,nachdemGrundsatz""BeratungvorOrdnungsrecht""verfahren.",
BesonderheitenindenPlanjahren,
Keine,
